"Index.year","Reference.year..main.","Protocol.order","Country","categoria","valor","col"
2013,2010,0,"EU","Gender.Equality.Index",63.1,"black"
2013,2010,1,"BE","Gender.Equality.Index",69.3,"white"
2013,2010,2,"BG","Gender.Equality.Index",55,"black"
2013,2010,3,"CZ","Gender.Equality.Index",55.6,"black"
2013,2010,4,"DK","Gender.Equality.Index",75.2,"white"
2013,2010,5,"DE","Gender.Equality.Index",62.6,"black"
2013,2010,6,"EE","Gender.Equality.Index",53.4,"black"
2013,2010,7,"IE","Gender.Equality.Index",65.4,"black"
2013,2010,8,"EL","Gender.Equality.Index",48.6,"black"
2013,2010,9,"ES","Gender.Equality.Index",66.4,"white"
2013,2010,10,"FR","Gender.Equality.Index",67.5,"white"
2013,2010,11,"HR","Gender.Equality.Index",52.3,"black"
2013,2010,12,"IT","Gender.Equality.Index",53.3,"black"
2013,2010,13,"CY","Gender.Equality.Index",49,"black"
2013,2010,14,"LV","Gender.Equality.Index",55.2,"black"
2013,2010,15,"LT","Gender.Equality.Index",54.9,"black"
2013,2010,16,"LU","Gender.Equality.Index",61.2,"black"
2013,2010,17,"HU","Gender.Equality.Index",52.4,"black"
2013,2010,18,"MT","Gender.Equality.Index",54.4,"black"
2013,2010,19,"NL","Gender.Equality.Index",74,"white"
2013,2010,20,"AT","Gender.Equality.Index",58.7,"black"
2013,2010,21,"PL","Gender.Equality.Index",55.5,"black"
2013,2010,22,"PT","Gender.Equality.Index",53.7,"black"
2013,2010,23,"RO","Gender.Equality.Index",50.8,"black"
2013,2010,24,"SI","Gender.Equality.Index",62.7,"black"
2013,2010,25,"SK","Gender.Equality.Index",53,"black"
2013,2010,26,"FI","Gender.Equality.Index",73.1,"white"
2013,2010,27,"SE","Gender.Equality.Index",80.1,"white"
2015,2012,0,"EU","Gender.Equality.Index",64.4,"black"
2015,2012,1,"BE","Gender.Equality.Index",70.2,"white"
2015,2012,2,"BG","Gender.Equality.Index",56.9,"black"
2015,2012,3,"CZ","Gender.Equality.Index",56.7,"black"
2015,2012,4,"DK","Gender.Equality.Index",75.6,"white"
2015,2012,5,"DE","Gender.Equality.Index",64.9,"black"
2015,2012,6,"EE","Gender.Equality.Index",53.5,"black"
2015,2012,7,"IE","Gender.Equality.Index",67.7,"white"
2015,2012,8,"EL","Gender.Equality.Index",50.1,"black"
2015,2012,9,"ES","Gender.Equality.Index",67.4,"white"
2015,2012,10,"FR","Gender.Equality.Index",68.9,"white"
2015,2012,11,"HR","Gender.Equality.Index",52.6,"black"
2015,2012,12,"IT","Gender.Equality.Index",56.5,"black"
2015,2012,13,"CY","Gender.Equality.Index",50.6,"black"
2015,2012,14,"LV","Gender.Equality.Index",56.2,"black"
2015,2012,15,"LT","Gender.Equality.Index",54.2,"black"
2015,2012,16,"LU","Gender.Equality.Index",65.9,"black"
2015,2012,17,"HU","Gender.Equality.Index",51.8,"black"
2015,2012,18,"MT","Gender.Equality.Index",57.8,"black"
2015,2012,19,"NL","Gender.Equality.Index",74,"white"
2015,2012,20,"AT","Gender.Equality.Index",61.3,"black"
2015,2012,21,"PL","Gender.Equality.Index",56.9,"black"
2015,2012,22,"PT","Gender.Equality.Index",54.4,"black"
2015,2012,23,"RO","Gender.Equality.Index",51.2,"black"
2015,2012,24,"SI","Gender.Equality.Index",66.1,"black"
2015,2012,25,"SK","Gender.Equality.Index",52.4,"black"
2015,2012,26,"FI","Gender.Equality.Index",74.4,"white"
2015,2012,27,"SE","Gender.Equality.Index",79.7,"white"
2017,2015,0,"EU","Gender.Equality.Index",65.7,"black"
2017,2015,1,"BE","Gender.Equality.Index",70.5,"white"
2017,2015,2,"BG","Gender.Equality.Index",58,"black"
2017,2015,3,"CZ","Gender.Equality.Index",53.6,"black"
2017,2015,4,"DK","Gender.Equality.Index",76.8,"white"
2017,2015,5,"DE","Gender.Equality.Index",65.5,"black"
2017,2015,6,"EE","Gender.Equality.Index",56.7,"black"
2017,2015,7,"IE","Gender.Equality.Index",69.5,"white"
2017,2015,8,"EL","Gender.Equality.Index",50,"black"
2017,2015,9,"ES","Gender.Equality.Index",68.3,"white"
2017,2015,10,"FR","Gender.Equality.Index",72.6,"white"
2017,2015,11,"HR","Gender.Equality.Index",53.1,"black"
2017,2015,12,"IT","Gender.Equality.Index",62.1,"black"
2017,2015,13,"CY","Gender.Equality.Index",55.1,"black"
2017,2015,14,"LV","Gender.Equality.Index",57.9,"black"
2017,2015,15,"LT","Gender.Equality.Index",56.8,"black"
2017,2015,16,"LU","Gender.Equality.Index",69,"white"
2017,2015,17,"HU","Gender.Equality.Index",50.8,"black"
2017,2015,18,"MT","Gender.Equality.Index",60.1,"black"
2017,2015,19,"NL","Gender.Equality.Index",72.9,"white"
2017,2015,20,"AT","Gender.Equality.Index",63.3,"black"
2017,2015,21,"PL","Gender.Equality.Index",56.8,"black"
2017,2015,22,"PT","Gender.Equality.Index",56,"black"
2017,2015,23,"RO","Gender.Equality.Index",52.4,"black"
2017,2015,24,"SI","Gender.Equality.Index",68.4,"white"
2017,2015,25,"SK","Gender.Equality.Index",52.4,"black"
2017,2015,26,"FI","Gender.Equality.Index",73,"white"
2017,2015,27,"SE","Gender.Equality.Index",82.6,"white"
2019,2017,0,"EU","Gender.Equality.Index",66.9,"white"
2019,2017,1,"BE","Gender.Equality.Index",71.1,"white"
2019,2017,2,"BG","Gender.Equality.Index",58.8,"black"
2019,2017,3,"CZ","Gender.Equality.Index",55.7,"black"
2019,2017,4,"DK","Gender.Equality.Index",77.5,"white"
2019,2017,5,"DE","Gender.Equality.Index",66.9,"white"
2019,2017,6,"EE","Gender.Equality.Index",59.8,"black"
2019,2017,7,"IE","Gender.Equality.Index",71.3,"white"
2019,2017,8,"EL","Gender.Equality.Index",51.2,"black"
2019,2017,9,"ES","Gender.Equality.Index",70.1,"white"
2019,2017,10,"FR","Gender.Equality.Index",74.6,"white"
2019,2017,11,"HR","Gender.Equality.Index",55.6,"black"
2019,2017,12,"IT","Gender.Equality.Index",63,"black"
2019,2017,13,"CY","Gender.Equality.Index",56.3,"black"
2019,2017,14,"LV","Gender.Equality.Index",59.7,"black"
2019,2017,15,"LT","Gender.Equality.Index",55.5,"black"
2019,2017,16,"LU","Gender.Equality.Index",69.2,"white"
2019,2017,17,"HU","Gender.Equality.Index",51.9,"black"
2019,2017,18,"MT","Gender.Equality.Index",62.5,"black"
2019,2017,19,"NL","Gender.Equality.Index",72.1,"white"
2019,2017,20,"AT","Gender.Equality.Index",65.3,"black"
2019,2017,21,"PL","Gender.Equality.Index",55.2,"black"
2019,2017,22,"PT","Gender.Equality.Index",59.9,"black"
2019,2017,23,"RO","Gender.Equality.Index",54.5,"black"
2019,2017,24,"SI","Gender.Equality.Index",68.3,"white"
2019,2017,25,"SK","Gender.Equality.Index",54.1,"black"
2019,2017,26,"FI","Gender.Equality.Index",73.4,"white"
2019,2017,27,"SE","Gender.Equality.Index",83.6,"white"
2020,2018,0,"EU","Gender.Equality.Index",67.4,"white"
2020,2018,1,"BE","Gender.Equality.Index",71.4,"white"
2020,2018,2,"BG","Gender.Equality.Index",59.6,"black"
2020,2018,3,"CZ","Gender.Equality.Index",56.2,"black"
2020,2018,4,"DK","Gender.Equality.Index",77.4,"white"
2020,2018,5,"DE","Gender.Equality.Index",67.5,"white"
2020,2018,6,"EE","Gender.Equality.Index",60.7,"black"
2020,2018,7,"IE","Gender.Equality.Index",72.2,"white"
2020,2018,8,"EL","Gender.Equality.Index",52.2,"black"
2020,2018,9,"ES","Gender.Equality.Index",72,"white"
2020,2018,10,"FR","Gender.Equality.Index",75.1,"white"
2020,2018,11,"HR","Gender.Equality.Index",57.9,"black"
2020,2018,12,"IT","Gender.Equality.Index",63.5,"black"
2020,2018,13,"CY","Gender.Equality.Index",56.9,"black"
2020,2018,14,"LV","Gender.Equality.Index",60.8,"black"
2020,2018,15,"LT","Gender.Equality.Index",56.3,"black"
2020,2018,16,"LU","Gender.Equality.Index",70.3,"white"
2020,2018,17,"HU","Gender.Equality.Index",53,"black"
2020,2018,18,"MT","Gender.Equality.Index",63.4,"black"
2020,2018,19,"NL","Gender.Equality.Index",74.1,"white"
2020,2018,20,"AT","Gender.Equality.Index",66.5,"white"
2020,2018,21,"PL","Gender.Equality.Index",55.8,"black"
2020,2018,22,"PT","Gender.Equality.Index",61.3,"black"
2020,2018,23,"RO","Gender.Equality.Index",54.4,"black"
2020,2018,24,"SI","Gender.Equality.Index",67.7,"white"
2020,2018,25,"SK","Gender.Equality.Index",55.5,"black"
2020,2018,26,"FI","Gender.Equality.Index",74.7,"white"
2020,2018,27,"SE","Gender.Equality.Index",83.8,"white"
2021,2019,0,"EU","Gender.Equality.Index",68,"white"
2021,2019,1,"BE","Gender.Equality.Index",72.7,"white"
2021,2019,2,"BG","Gender.Equality.Index",59.9,"black"
2021,2019,3,"CZ","Gender.Equality.Index",56.7,"black"
2021,2019,4,"DK","Gender.Equality.Index",77.8,"white"
2021,2019,5,"DE","Gender.Equality.Index",68.6,"white"
2021,2019,6,"EE","Gender.Equality.Index",61.6,"black"
2021,2019,7,"IE","Gender.Equality.Index",73.1,"white"
2021,2019,8,"EL","Gender.Equality.Index",52.5,"black"
2021,2019,9,"ES","Gender.Equality.Index",73.7,"white"
2021,2019,10,"FR","Gender.Equality.Index",75.5,"white"
2021,2019,11,"HR","Gender.Equality.Index",59.2,"black"
2021,2019,12,"IT","Gender.Equality.Index",63.8,"black"
2021,2019,13,"CY","Gender.Equality.Index",57,"black"
2021,2019,14,"LV","Gender.Equality.Index",62.1,"black"
2021,2019,15,"LT","Gender.Equality.Index",58.4,"black"
2021,2019,16,"LU","Gender.Equality.Index",72.4,"white"
2021,2019,17,"HU","Gender.Equality.Index",53.4,"black"
2021,2019,18,"MT","Gender.Equality.Index",65,"black"
2021,2019,19,"NL","Gender.Equality.Index",75.9,"white"
2021,2019,20,"AT","Gender.Equality.Index",68,"white"
2021,2019,21,"PL","Gender.Equality.Index",56.6,"black"
2021,2019,22,"PT","Gender.Equality.Index",62.2,"black"
2021,2019,23,"RO","Gender.Equality.Index",54.5,"black"
2021,2019,24,"SI","Gender.Equality.Index",67.6,"white"
2021,2019,25,"SK","Gender.Equality.Index",56,"black"
2021,2019,26,"FI","Gender.Equality.Index",75.3,"white"
2021,2019,27,"SE","Gender.Equality.Index",83.9,"white"
2022,2020,0,"EU","Gender.Equality.Index",68.6,"white"
2022,2020,1,"BE","Gender.Equality.Index",74.2,"white"
2022,2020,2,"BG","Gender.Equality.Index",60.7,"black"
2022,2020,3,"CZ","Gender.Equality.Index",57.2,"black"
2022,2020,4,"DK","Gender.Equality.Index",77.8,"white"
2022,2020,5,"DE","Gender.Equality.Index",68.7,"white"
2022,2020,6,"EE","Gender.Equality.Index",61,"black"
2022,2020,7,"IE","Gender.Equality.Index",74.3,"white"
2022,2020,8,"EL","Gender.Equality.Index",53.4,"black"
2022,2020,9,"ES","Gender.Equality.Index",74.6,"white"
2022,2020,10,"FR","Gender.Equality.Index",75.1,"white"
2022,2020,11,"HR","Gender.Equality.Index",60.7,"black"
2022,2020,12,"IT","Gender.Equality.Index",65,"black"
2022,2020,13,"CY","Gender.Equality.Index",57.3,"black"
2022,2020,14,"LV","Gender.Equality.Index",61.4,"black"
2022,2020,15,"LT","Gender.Equality.Index",60.6,"black"
2022,2020,16,"LU","Gender.Equality.Index",73.5,"white"
2022,2020,17,"HU","Gender.Equality.Index",54.2,"black"
2022,2020,18,"MT","Gender.Equality.Index",65.6,"black"
2022,2020,19,"NL","Gender.Equality.Index",77.3,"white"
2022,2020,20,"AT","Gender.Equality.Index",68.8,"white"
2022,2020,21,"PL","Gender.Equality.Index",57.7,"black"
2022,2020,22,"PT","Gender.Equality.Index",62.8,"black"
2022,2020,23,"RO","Gender.Equality.Index",53.7,"black"
2022,2020,24,"SI","Gender.Equality.Index",67.5,"white"
2022,2020,25,"SK","Gender.Equality.Index",56,"black"
2022,2020,26,"FI","Gender.Equality.Index",75.4,"white"
2022,2020,27,"SE","Gender.Equality.Index",83.9,"white"
2013,2010,0,"EU","WORK",69.7,"black"
2013,2010,1,"BE","WORK",72.7,"white"
2013,2010,2,"BG","WORK",67.9,"black"
2013,2010,3,"CZ","WORK",64.9,"black"
2013,2010,4,"DK","WORK",79.8,"white"
2013,2010,5,"DE","WORK",70,"black"
2013,2010,6,"EE","WORK",71.2,"black"
2013,2010,7,"IE","WORK",73.5,"white"
2013,2010,8,"EL","WORK",63.6,"black"
2013,2010,9,"ES","WORK",71.8,"black"
2013,2010,10,"FR","WORK",71.5,"black"
2013,2010,11,"HR","WORK",67.2,"black"
2013,2010,12,"IT","WORK",61.3,"black"
2013,2010,13,"CY","WORK",70.5,"black"
2013,2010,14,"LV","WORK",72.6,"white"
2013,2010,15,"LT","WORK",72.6,"white"
2013,2010,16,"LU","WORK",70.9,"black"
2013,2010,17,"HU","WORK",66,"black"
2013,2010,18,"MT","WORK",65.1,"black"
2013,2010,19,"NL","WORK",76.3,"white"
2013,2010,20,"AT","WORK",75.3,"white"
2013,2010,21,"PL","WORK",66.3,"black"
2013,2010,22,"PT","WORK",71.4,"black"
2013,2010,23,"RO","WORK",67.9,"black"
2013,2010,24,"SI","WORK",71.9,"black"
2013,2010,25,"SK","WORK",64.8,"black"
2013,2010,26,"FI","WORK",74.5,"white"
2013,2010,27,"SE","WORK",80.4,"white"
2015,2012,0,"EU","WORK",70.2,"black"
2015,2012,1,"BE","WORK",72.8,"white"
2015,2012,2,"BG","WORK",68.7,"black"
2015,2012,3,"CZ","WORK",65.3,"black"
2015,2012,4,"DK","WORK",79.7,"white"
2015,2012,5,"DE","WORK",70.6,"black"
2015,2012,6,"EE","WORK",71.4,"black"
2015,2012,7,"IE","WORK",73.7,"white"
2015,2012,8,"EL","WORK",63.6,"black"
2015,2012,9,"ES","WORK",72.3,"white"
2015,2012,10,"FR","WORK",71.9,"black"
2015,2012,11,"HR","WORK",68.3,"black"
2015,2012,12,"IT","WORK",62.4,"black"
2015,2012,13,"CY","WORK",68.9,"black"
2015,2012,14,"LV","WORK",74.3,"white"
2015,2012,15,"LT","WORK",72.6,"white"
2015,2012,16,"LU","WORK",72.5,"white"
2015,2012,17,"HU","WORK",66.4,"black"
2015,2012,18,"MT","WORK",68.2,"black"
2015,2012,19,"NL","WORK",76.2,"white"
2015,2012,20,"AT","WORK",75.6,"white"
2015,2012,21,"PL","WORK",66.6,"black"
2015,2012,22,"PT","WORK",71.4,"black"
2015,2012,23,"RO","WORK",67.8,"black"
2015,2012,24,"SI","WORK",71.3,"black"
2015,2012,25,"SK","WORK",64.9,"black"
2015,2012,26,"FI","WORK",74.8,"white"
2015,2012,27,"SE","WORK",81.4,"white"
2017,2015,0,"EU","WORK",70.6,"black"
2017,2015,1,"BE","WORK",73.8,"white"
2017,2015,2,"BG","WORK",68.6,"black"
2017,2015,3,"CZ","WORK",66.1,"black"
2017,2015,4,"DK","WORK",79.2,"white"
2017,2015,5,"DE","WORK",71.4,"black"
2017,2015,6,"EE","WORK",72.1,"black"
2017,2015,7,"IE","WORK",73.9,"white"
2017,2015,8,"EL","WORK",64.2,"black"
2017,2015,9,"ES","WORK",72.4,"white"
2017,2015,10,"FR","WORK",72.1,"black"
2017,2015,11,"HR","WORK",69.4,"black"
2017,2015,12,"IT","WORK",62.4,"black"
2017,2015,13,"CY","WORK",70.7,"black"
2017,2015,14,"LV","WORK",73.6,"white"
2017,2015,15,"LT","WORK",73.2,"white"
2017,2015,16,"LU","WORK",74,"white"
2017,2015,17,"HU","WORK",67.2,"black"
2017,2015,18,"MT","WORK",71,"black"
2017,2015,19,"NL","WORK",76.7,"white"
2017,2015,20,"AT","WORK",76.1,"white"
2017,2015,21,"PL","WORK",66.8,"black"
2017,2015,22,"PT","WORK",72,"black"
2017,2015,23,"RO","WORK",67.1,"black"
2017,2015,24,"SI","WORK",71.8,"black"
2017,2015,25,"SK","WORK",65.5,"black"
2017,2015,26,"FI","WORK",74.7,"white"
2017,2015,27,"SE","WORK",82.6,"white"
2019,2017,0,"EU","WORK",71.1,"black"
2019,2017,1,"BE","WORK",74.1,"white"
2019,2017,2,"BG","WORK",69,"black"
2019,2017,3,"CZ","WORK",67,"black"
2019,2017,4,"DK","WORK",79.6,"white"
2019,2017,5,"DE","WORK",72.1,"black"
2019,2017,6,"EE","WORK",71.5,"black"
2019,2017,7,"IE","WORK",75.5,"white"
2019,2017,8,"EL","WORK",64.2,"black"
2019,2017,9,"ES","WORK",72.9,"white"
2019,2017,10,"FR","WORK",72.4,"white"
2019,2017,11,"HR","WORK",69.2,"black"
2019,2017,12,"IT","WORK",63.1,"black"
2019,2017,13,"CY","WORK",70.7,"black"
2019,2017,14,"LV","WORK",74.2,"white"
2019,2017,15,"LT","WORK",73.6,"white"
2019,2017,16,"LU","WORK",74.1,"white"
2019,2017,17,"HU","WORK",67.4,"black"
2019,2017,18,"MT","WORK",73.3,"white"
2019,2017,19,"NL","WORK",77.4,"white"
2019,2017,20,"AT","WORK",76.6,"white"
2019,2017,21,"PL","WORK",67,"black"
2019,2017,22,"PT","WORK",72.5,"white"
2019,2017,23,"RO","WORK",67.7,"black"
2019,2017,24,"SI","WORK",73.3,"white"
2019,2017,25,"SK","WORK",66.5,"black"
2019,2017,26,"FI","WORK",74.9,"white"
2019,2017,27,"SE","WORK",83,"white"
2020,2018,0,"EU","WORK",71.4,"black"
2020,2018,1,"BE","WORK",74.7,"white"
2020,2018,2,"BG","WORK",69,"black"
2020,2018,3,"CZ","WORK",67,"black"
2020,2018,4,"DK","WORK",79.7,"white"
2020,2018,5,"DE","WORK",72.1,"black"
2020,2018,6,"EE","WORK",72.1,"black"
2020,2018,7,"IE","WORK",75.9,"white"
2020,2018,8,"EL","WORK",64.4,"black"
2020,2018,9,"ES","WORK",73.2,"white"
2020,2018,10,"FR","WORK",72.8,"white"
2020,2018,11,"HR","WORK",69.9,"black"
2020,2018,12,"IT","WORK",63.3,"black"
2020,2018,13,"CY","WORK",70.8,"black"
2020,2018,14,"LV","WORK",74,"white"
2020,2018,15,"LT","WORK",74.1,"white"
2020,2018,16,"LU","WORK",75.2,"white"
2020,2018,17,"HU","WORK",68,"black"
2020,2018,18,"MT","WORK",75.4,"white"
2020,2018,19,"NL","WORK",77.8,"white"
2020,2018,20,"AT","WORK",76.4,"white"
2020,2018,21,"PL","WORK",67.3,"black"
2020,2018,22,"PT","WORK",72.9,"white"
2020,2018,23,"RO","WORK",67.6,"black"
2020,2018,24,"SI","WORK",73.1,"white"
2020,2018,25,"SK","WORK",66.6,"black"
2020,2018,26,"FI","WORK",75.4,"white"
2020,2018,27,"SE","WORK",82.9,"white"
2021,2019,0,"EU","WORK",71.6,"black"
2021,2019,1,"BE","WORK",74.9,"white"
2021,2019,2,"BG","WORK",69.6,"black"
2021,2019,3,"CZ","WORK",67.4,"black"
2021,2019,4,"DK","WORK",79.4,"white"
2021,2019,5,"DE","WORK",72.4,"white"
2021,2019,6,"EE","WORK",72.5,"white"
2021,2019,7,"IE","WORK",76.5,"white"
2021,2019,8,"EL","WORK",65.3,"black"
2021,2019,9,"ES","WORK",73.7,"white"
2021,2019,10,"FR","WORK",73.2,"white"
2021,2019,11,"HR","WORK",70.1,"black"
2021,2019,12,"IT","WORK",63.7,"black"
2021,2019,13,"CY","WORK",70.6,"black"
2021,2019,14,"LV","WORK",74.3,"white"
2021,2019,15,"LT","WORK",74.2,"white"
2021,2019,16,"LU","WORK",76.3,"white"
2021,2019,17,"HU","WORK",68,"black"
2021,2019,18,"MT","WORK",76.8,"white"
2021,2019,19,"NL","WORK",78.3,"white"
2021,2019,20,"AT","WORK",76.8,"white"
2021,2019,21,"PL","WORK",67.2,"black"
2021,2019,22,"PT","WORK",73.2,"white"
2021,2019,23,"RO","WORK",67.5,"black"
2021,2019,24,"SI","WORK",73,"white"
2021,2019,25,"SK","WORK",66.8,"black"
2021,2019,26,"FI","WORK",75.5,"white"
2021,2019,27,"SE","WORK",83.1,"white"
2022,2020,0,"EU","WORK",71.7,"black"
2022,2020,1,"BE","WORK",75.5,"white"
2022,2020,2,"BG","WORK",69.3,"black"
2022,2020,3,"CZ","WORK",67.1,"black"
2022,2020,4,"DK","WORK",79.5,"white"
2022,2020,5,"DE","WORK",72.9,"white"
2022,2020,6,"EE","WORK",72.7,"white"
2022,2020,7,"IE","WORK",76.5,"white"
2022,2020,8,"EL","WORK",65.6,"black"
2022,2020,9,"ES","WORK",73.6,"white"
2022,2020,10,"FR","WORK",73.2,"white"
2022,2020,11,"HR","WORK",69.7,"black"
2022,2020,12,"IT","WORK",63.2,"black"
2022,2020,13,"CY","WORK",69.9,"black"
2022,2020,14,"LV","WORK",74.2,"white"
2022,2020,15,"LT","WORK",73.9,"white"
2022,2020,16,"LU","WORK",76.3,"white"
2022,2020,17,"HU","WORK",67.5,"black"
2022,2020,18,"MT","WORK",77,"white"
2022,2020,19,"NL","WORK",78.7,"white"
2022,2020,20,"AT","WORK",77.2,"white"
2022,2020,21,"PL","WORK",67.3,"black"
2022,2020,22,"PT","WORK",73.4,"white"
2022,2020,23,"RO","WORK",67.3,"black"
2022,2020,24,"SI","WORK",73.4,"white"
2022,2020,25,"SK","WORK",66.5,"black"
2022,2020,26,"FI","WORK",75.4,"white"
2022,2020,27,"SE","WORK",83,"white"
2013,2010,0,"EU","MONEY",79.1,"white"
2013,2010,1,"BE","MONEY",85.5,"white"
2013,2010,2,"BG","MONEY",60.8,"black"
2013,2010,3,"CZ","MONEY",73.8,"black"
2013,2010,4,"DK","MONEY",83.6,"white"
2013,2010,5,"DE","MONEY",83.2,"white"
2013,2010,6,"EE","MONEY",65.5,"black"
2013,2010,7,"IE","MONEY",85.5,"white"
2013,2010,8,"EL","MONEY",75.3,"black"
2013,2010,9,"ES","MONEY",77.1,"white"
2013,2010,10,"FR","MONEY",83.5,"white"
2013,2010,11,"HR","MONEY",68.6,"black"
2013,2010,12,"IT","MONEY",78.9,"white"
2013,2010,13,"CY","MONEY",80.7,"white"
2013,2010,14,"LV","MONEY",58.9,"black"
2013,2010,15,"LT","MONEY",60.8,"black"
2013,2010,16,"LU","MONEY",91.8,"white"
2013,2010,17,"HU","MONEY",70.8,"black"
2013,2010,18,"MT","MONEY",79.2,"white"
2013,2010,19,"NL","MONEY",86.6,"white"
2013,2010,20,"AT","MONEY",82.8,"white"
2013,2010,21,"PL","MONEY",69.5,"black"
2013,2010,22,"PT","MONEY",71.8,"black"
2013,2010,23,"RO","MONEY",59.8,"black"
2013,2010,24,"SI","MONEY",80.3,"white"
2013,2010,25,"SK","MONEY",70.2,"black"
2013,2010,26,"FI","MONEY",84.1,"white"
2013,2010,27,"SE","MONEY",85.3,"white"
2015,2012,0,"EU","MONEY",79.1,"white"
2015,2012,1,"BE","MONEY",85.6,"white"
2015,2012,2,"BG","MONEY",60.5,"black"
2015,2012,3,"CZ","MONEY",74,"black"
2015,2012,4,"DK","MONEY",85.7,"white"
2015,2012,5,"DE","MONEY",84,"white"
2015,2012,6,"EE","MONEY",64.9,"black"
2015,2012,7,"IE","MONEY",84.4,"white"
2015,2012,8,"EL","MONEY",71.1,"black"
2015,2012,9,"ES","MONEY",76,"black"
2015,2012,10,"FR","MONEY",83.7,"white"
2015,2012,11,"HR","MONEY",68.9,"black"
2015,2012,12,"IT","MONEY",78.7,"white"
2015,2012,13,"CY","MONEY",81.7,"white"
2015,2012,14,"LV","MONEY",59.6,"black"
2015,2012,15,"LT","MONEY",64.3,"black"
2015,2012,16,"LU","MONEY",92.1,"white"
2015,2012,17,"HU","MONEY",69.8,"black"
2015,2012,18,"MT","MONEY",80.6,"white"
2015,2012,19,"NL","MONEY",87,"white"
2015,2012,20,"AT","MONEY",83.6,"white"
2015,2012,21,"PL","MONEY",70.3,"black"
2015,2012,22,"PT","MONEY",71.7,"black"
2015,2012,23,"RO","MONEY",59.2,"black"
2015,2012,24,"SI","MONEY",81.3,"white"
2015,2012,25,"SK","MONEY",72.1,"black"
2015,2012,26,"FI","MONEY",84.8,"white"
2015,2012,27,"SE","MONEY",85.3,"white"
2017,2015,0,"EU","MONEY",80.1,"white"
2017,2015,1,"BE","MONEY",87.5,"white"
2017,2015,2,"BG","MONEY",61.9,"black"
2017,2015,3,"CZ","MONEY",75.9,"black"
2017,2015,4,"DK","MONEY",86.6,"white"
2017,2015,5,"DE","MONEY",84.2,"white"
2017,2015,6,"EE","MONEY",66.7,"black"
2017,2015,7,"IE","MONEY",84.7,"white"
2017,2015,8,"EL","MONEY",70.7,"black"
2017,2015,9,"ES","MONEY",75.9,"black"
2017,2015,10,"FR","MONEY",86.1,"white"
2017,2015,11,"HR","MONEY",69.9,"black"
2017,2015,12,"IT","MONEY",78.6,"white"
2017,2015,13,"CY","MONEY",79.2,"white"
2017,2015,14,"LV","MONEY",64.3,"black"
2017,2015,15,"LT","MONEY",65.6,"black"
2017,2015,16,"LU","MONEY",94.4,"white"
2017,2015,17,"HU","MONEY",70.7,"black"
2017,2015,18,"MT","MONEY",82.4,"white"
2017,2015,19,"NL","MONEY",86.8,"white"
2017,2015,20,"AT","MONEY",85.9,"white"
2017,2015,21,"PL","MONEY",73.3,"black"
2017,2015,22,"PT","MONEY",70.9,"black"
2017,2015,23,"RO","MONEY",59.4,"black"
2017,2015,24,"SI","MONEY",81.6,"white"
2017,2015,25,"SK","MONEY",74,"black"
2017,2015,26,"FI","MONEY",86.4,"white"
2017,2015,27,"SE","MONEY",87.5,"white"
2019,2017,0,"EU","MONEY",81.1,"white"
2019,2017,1,"BE","MONEY",88.3,"white"
2019,2017,2,"BG","MONEY",61.8,"black"
2019,2017,3,"CZ","MONEY",76.7,"white"
2019,2017,4,"DK","MONEY",87.1,"white"
2019,2017,5,"DE","MONEY",86,"white"
2019,2017,6,"EE","MONEY",69.4,"black"
2019,2017,7,"IE","MONEY",85.5,"white"
2019,2017,8,"EL","MONEY",71.4,"black"
2019,2017,9,"ES","MONEY",76.7,"white"
2019,2017,10,"FR","MONEY",86.4,"white"
2019,2017,11,"HR","MONEY",72.2,"black"
2019,2017,12,"IT","MONEY",78.8,"white"
2019,2017,13,"CY","MONEY",80.8,"white"
2019,2017,14,"LV","MONEY",65.5,"black"
2019,2017,15,"LT","MONEY",64.7,"black"
2019,2017,16,"LU","MONEY",91.8,"white"
2019,2017,17,"HU","MONEY",71.6,"black"
2019,2017,18,"MT","MONEY",82.5,"white"
2019,2017,19,"NL","MONEY",86.7,"white"
2019,2017,20,"AT","MONEY",86.4,"white"
2019,2017,21,"PL","MONEY",75.1,"black"
2019,2017,22,"PT","MONEY",72.1,"black"
2019,2017,23,"RO","MONEY",62,"black"
2019,2017,24,"SI","MONEY",82.4,"white"
2019,2017,25,"SK","MONEY",74.2,"black"
2019,2017,26,"FI","MONEY",87.6,"white"
2019,2017,27,"SE","MONEY",86.8,"white"
2020,2018,0,"EU","MONEY",81.6,"white"
2020,2018,1,"BE","MONEY",88.7,"white"
2020,2018,2,"BG","MONEY",62.3,"black"
2020,2018,3,"CZ","MONEY",76.8,"white"
2020,2018,4,"DK","MONEY",86.8,"white"
2020,2018,5,"DE","MONEY",84.9,"white"
2020,2018,6,"EE","MONEY",70,"black"
2020,2018,7,"IE","MONEY",86.5,"white"
2020,2018,8,"EL","MONEY",72.5,"black"
2020,2018,9,"ES","MONEY",77.8,"white"
2020,2018,10,"FR","MONEY",87,"white"
2020,2018,11,"HR","MONEY",72.6,"black"
2020,2018,12,"IT","MONEY",79,"white"
2020,2018,13,"CY","MONEY",81.7,"white"
2020,2018,14,"LV","MONEY",65.2,"black"
2020,2018,15,"LT","MONEY",66.1,"black"
2020,2018,16,"LU","MONEY",90,"white"
2020,2018,17,"HU","MONEY",72,"black"
2020,2018,18,"MT","MONEY",82.6,"white"
2020,2018,19,"NL","MONEY",86.2,"white"
2020,2018,20,"AT","MONEY",86.7,"white"
2020,2018,21,"PL","MONEY",75.5,"black"
2020,2018,22,"PT","MONEY",72.8,"black"
2020,2018,23,"RO","MONEY",63,"black"
2020,2018,24,"SI","MONEY",83,"white"
2020,2018,25,"SK","MONEY",75.1,"black"
2020,2018,26,"FI","MONEY",87.1,"white"
2020,2018,27,"SE","MONEY",86.8,"white"
2021,2019,0,"EU","MONEY",82.4,"white"
2021,2019,1,"BE","MONEY",89.9,"white"
2021,2019,2,"BG","MONEY",64.5,"black"
2021,2019,3,"CZ","MONEY",78.9,"white"
2021,2019,4,"DK","MONEY",89.1,"white"
2021,2019,5,"DE","MONEY",86,"white"
2021,2019,6,"EE","MONEY",73.2,"black"
2021,2019,7,"IE","MONEY",87.8,"white"
2021,2019,8,"EL","MONEY",73.7,"black"
2021,2019,9,"ES","MONEY",78.4,"white"
2021,2019,10,"FR","MONEY",86.3,"white"
2021,2019,11,"HR","MONEY",74,"black"
2021,2019,12,"IT","MONEY",79.4,"white"
2021,2019,13,"CY","MONEY",82.6,"white"
2021,2019,14,"LV","MONEY",68.7,"black"
2021,2019,15,"LT","MONEY",69.9,"black"
2021,2019,16,"LU","MONEY",92.4,"white"
2021,2019,17,"HU","MONEY",73.3,"black"
2021,2019,18,"MT","MONEY",84.2,"white"
2021,2019,19,"NL","MONEY",87,"white"
2021,2019,20,"AT","MONEY",87.7,"white"
2021,2019,21,"PL","MONEY",76.7,"white"
2021,2019,22,"PT","MONEY",73.6,"black"
2021,2019,23,"RO","MONEY",69.1,"black"
2021,2019,24,"SI","MONEY",83.7,"white"
2021,2019,25,"SK","MONEY",75.1,"black"
2021,2019,26,"FI","MONEY",87.9,"white"
2021,2019,27,"SE","MONEY",85.4,"white"
2022,2020,0,"EU","MONEY",82.6,"white"
2022,2020,1,"BE","MONEY",89.8,"white"
2022,2020,2,"BG","MONEY",65,"black"
2022,2020,3,"CZ","MONEY",79,"white"
2022,2020,4,"DK","MONEY",88.5,"white"
2022,2020,5,"DE","MONEY",83.5,"white"
2022,2020,6,"EE","MONEY",73.6,"black"
2022,2020,7,"IE","MONEY",87.5,"white"
2022,2020,8,"EL","MONEY",72.8,"black"
2022,2020,9,"ES","MONEY",78.7,"white"
2022,2020,10,"FR","MONEY",84.7,"white"
2022,2020,11,"HR","MONEY",74.1,"black"
2022,2020,12,"IT","MONEY",80.5,"white"
2022,2020,13,"CY","MONEY",83.1,"white"
2022,2020,14,"LV","MONEY",69.4,"black"
2022,2020,15,"LT","MONEY",70.4,"black"
2022,2020,16,"LU","MONEY",92.6,"white"
2022,2020,17,"HU","MONEY",73.8,"black"
2022,2020,18,"MT","MONEY",83.6,"white"
2022,2020,19,"NL","MONEY",86.6,"white"
2022,2020,20,"AT","MONEY",87.5,"white"
2022,2020,21,"PL","MONEY",78.1,"white"
2022,2020,22,"PT","MONEY",74.7,"black"
2022,2020,23,"RO","MONEY",70.2,"black"
2022,2020,24,"SI","MONEY",83.9,"white"
2022,2020,25,"SK","MONEY",74.8,"black"
2022,2020,26,"FI","MONEY",87.5,"white"
2022,2020,27,"SE","MONEY",85.9,"white"
2013,2010,0,"EU","KNOWLEDGE",59.8,"black"
2013,2010,1,"BE","KNOWLEDGE",70.6,"white"
2013,2010,2,"BG","KNOWLEDGE",50.4,"black"
2013,2010,3,"CZ","KNOWLEDGE",55.4,"black"
2013,2010,4,"DK","KNOWLEDGE",73.2,"white"
2013,2010,5,"DE","KNOWLEDGE",56.3,"black"
2013,2010,6,"EE","KNOWLEDGE",51.6,"black"
2013,2010,7,"IE","KNOWLEDGE",65.3,"white"
2013,2010,8,"EL","KNOWLEDGE",53.4,"black"
2013,2010,9,"ES","KNOWLEDGE",63.5,"white"
2013,2010,10,"FR","KNOWLEDGE",62,"white"
2013,2010,11,"HR","KNOWLEDGE",49.9,"black"
2013,2010,12,"IT","KNOWLEDGE",53.8,"black"
2013,2010,13,"CY","KNOWLEDGE",55.5,"black"
2013,2010,14,"LV","KNOWLEDGE",49.2,"black"
2013,2010,15,"LT","KNOWLEDGE",54.3,"black"
2013,2010,16,"LU","KNOWLEDGE",66.3,"white"
2013,2010,17,"HU","KNOWLEDGE",54.5,"black"
2013,2010,18,"MT","KNOWLEDGE",65.4,"white"
2013,2010,19,"NL","KNOWLEDGE",66.9,"white"
2013,2010,20,"AT","KNOWLEDGE",58.9,"black"
2013,2010,21,"PL","KNOWLEDGE",57.8,"black"
2013,2010,22,"PT","KNOWLEDGE",50.1,"black"
2013,2010,23,"RO","KNOWLEDGE",47.2,"black"
2013,2010,24,"SI","KNOWLEDGE",55,"black"
2013,2010,25,"SK","KNOWLEDGE",59.5,"black"
2013,2010,26,"FI","KNOWLEDGE",58.6,"black"
2013,2010,27,"SE","KNOWLEDGE",70.7,"white"
2015,2012,0,"EU","KNOWLEDGE",61.1,"black"
2015,2012,1,"BE","KNOWLEDGE",70.6,"white"
2015,2012,2,"BG","KNOWLEDGE",51.9,"black"
2015,2012,3,"CZ","KNOWLEDGE",57.7,"black"
2015,2012,4,"DK","KNOWLEDGE",71.3,"white"
2015,2012,5,"DE","KNOWLEDGE",57.1,"black"
2015,2012,6,"EE","KNOWLEDGE",53.8,"black"
2015,2012,7,"IE","KNOWLEDGE",67.7,"white"
2015,2012,8,"EL","KNOWLEDGE",54.3,"black"
2015,2012,9,"ES","KNOWLEDGE",64.2,"white"
2015,2012,10,"FR","KNOWLEDGE",62.4,"white"
2015,2012,11,"HR","KNOWLEDGE",48.5,"black"
2015,2012,12,"IT","KNOWLEDGE",56.7,"black"
2015,2012,13,"CY","KNOWLEDGE",58.2,"black"
2015,2012,14,"LV","KNOWLEDGE",48.8,"black"
2015,2012,15,"LT","KNOWLEDGE",54.7,"black"
2015,2012,16,"LU","KNOWLEDGE",68.7,"white"
2015,2012,17,"HU","KNOWLEDGE",54.3,"black"
2015,2012,18,"MT","KNOWLEDGE",66.3,"white"
2015,2012,19,"NL","KNOWLEDGE",66.9,"white"
2015,2012,20,"AT","KNOWLEDGE",59.9,"black"
2015,2012,21,"PL","KNOWLEDGE",56.5,"black"
2015,2012,22,"PT","KNOWLEDGE",54.9,"black"
2015,2012,23,"RO","KNOWLEDGE",50.2,"black"
2015,2012,24,"SI","KNOWLEDGE",54.9,"black"
2015,2012,25,"SK","KNOWLEDGE",59.6,"black"
2015,2012,26,"FI","KNOWLEDGE",59.5,"black"
2015,2012,27,"SE","KNOWLEDGE",70.9,"white"
2017,2015,0,"EU","KNOWLEDGE",62.4,"white"
2017,2015,1,"BE","KNOWLEDGE",71.1,"white"
2017,2015,2,"BG","KNOWLEDGE",53.3,"black"
2017,2015,3,"CZ","KNOWLEDGE",57.3,"black"
2017,2015,4,"DK","KNOWLEDGE",73.6,"white"
2017,2015,5,"DE","KNOWLEDGE",52.9,"black"
2017,2015,6,"EE","KNOWLEDGE",53.2,"black"
2017,2015,7,"IE","KNOWLEDGE",66.4,"white"
2017,2015,8,"EL","KNOWLEDGE",55.6,"black"
2017,2015,9,"ES","KNOWLEDGE",65.3,"white"
2017,2015,10,"FR","KNOWLEDGE",66.1,"white"
2017,2015,11,"HR","KNOWLEDGE",49.8,"black"
2017,2015,12,"IT","KNOWLEDGE",61.4,"white"
2017,2015,13,"CY","KNOWLEDGE",58.5,"black"
2017,2015,14,"LV","KNOWLEDGE",48.9,"black"
2017,2015,15,"LT","KNOWLEDGE",55.8,"black"
2017,2015,16,"LU","KNOWLEDGE",69.4,"white"
2017,2015,17,"HU","KNOWLEDGE",56.9,"black"
2017,2015,18,"MT","KNOWLEDGE",65.2,"white"
2017,2015,19,"NL","KNOWLEDGE",67.3,"white"
2017,2015,20,"AT","KNOWLEDGE",63.2,"white"
2017,2015,21,"PL","KNOWLEDGE",56,"black"
2017,2015,22,"PT","KNOWLEDGE",54.8,"black"
2017,2015,23,"RO","KNOWLEDGE",51.8,"black"
2017,2015,24,"SI","KNOWLEDGE",55,"black"
2017,2015,25,"SK","KNOWLEDGE",60,"black"
2017,2015,26,"FI","KNOWLEDGE",61.3,"white"
2017,2015,27,"SE","KNOWLEDGE",72.8,"white"
2019,2017,0,"EU","KNOWLEDGE",62.6,"white"
2019,2017,1,"BE","KNOWLEDGE",71.3,"white"
2019,2017,2,"BG","KNOWLEDGE",53.2,"black"
2019,2017,3,"CZ","KNOWLEDGE",59,"black"
2019,2017,4,"DK","KNOWLEDGE",72.3,"white"
2019,2017,5,"DE","KNOWLEDGE",53.7,"black"
2019,2017,6,"EE","KNOWLEDGE",55.5,"black"
2019,2017,7,"IE","KNOWLEDGE",66.9,"white"
2019,2017,8,"EL","KNOWLEDGE",55.7,"black"
2019,2017,9,"ES","KNOWLEDGE",67.4,"white"
2019,2017,10,"FR","KNOWLEDGE",66,"white"
2019,2017,11,"HR","KNOWLEDGE",50.4,"black"
2019,2017,12,"IT","KNOWLEDGE",61.2,"white"
2019,2017,13,"CY","KNOWLEDGE",56.5,"black"
2019,2017,14,"LV","KNOWLEDGE",49.7,"black"
2019,2017,15,"LT","KNOWLEDGE",55.9,"black"
2019,2017,16,"LU","KNOWLEDGE",69.5,"white"
2019,2017,17,"HU","KNOWLEDGE",56.9,"black"
2019,2017,18,"MT","KNOWLEDGE",65.8,"white"
2019,2017,19,"NL","KNOWLEDGE",67.1,"white"
2019,2017,20,"AT","KNOWLEDGE",64.1,"white"
2019,2017,21,"PL","KNOWLEDGE",56.5,"black"
2019,2017,22,"PT","KNOWLEDGE",55.1,"black"
2019,2017,23,"RO","KNOWLEDGE",51.5,"black"
2019,2017,24,"SI","KNOWLEDGE",56,"black"
2019,2017,25,"SK","KNOWLEDGE",60.4,"black"
2019,2017,26,"FI","KNOWLEDGE",61.1,"black"
2019,2017,27,"SE","KNOWLEDGE",73.8,"white"
2020,2018,0,"EU","KNOWLEDGE",62.8,"white"
2020,2018,1,"BE","KNOWLEDGE",71.4,"white"
2020,2018,2,"BG","KNOWLEDGE",54.9,"black"
2020,2018,3,"CZ","KNOWLEDGE",58.4,"black"
2020,2018,4,"DK","KNOWLEDGE",71.3,"white"
2020,2018,5,"DE","KNOWLEDGE",54,"black"
2020,2018,6,"EE","KNOWLEDGE",56.3,"black"
2020,2018,7,"IE","KNOWLEDGE",67.3,"white"
2020,2018,8,"EL","KNOWLEDGE",54.8,"black"
2020,2018,9,"ES","KNOWLEDGE",67.6,"white"
2020,2018,10,"FR","KNOWLEDGE",66.3,"white"
2020,2018,11,"HR","KNOWLEDGE",51.6,"black"
2020,2018,12,"IT","KNOWLEDGE",61.9,"white"
2020,2018,13,"CY","KNOWLEDGE",56.2,"black"
2020,2018,14,"LV","KNOWLEDGE",49.3,"black"
2020,2018,15,"LT","KNOWLEDGE",56.2,"black"
2020,2018,16,"LU","KNOWLEDGE",70,"white"
2020,2018,17,"HU","KNOWLEDGE",57.4,"black"
2020,2018,18,"MT","KNOWLEDGE",67.1,"white"
2020,2018,19,"NL","KNOWLEDGE",67.3,"white"
2020,2018,20,"AT","KNOWLEDGE",63.8,"white"
2020,2018,21,"PL","KNOWLEDGE",57.2,"black"
2020,2018,22,"PT","KNOWLEDGE",55.7,"black"
2020,2018,23,"RO","KNOWLEDGE",52.4,"black"
2020,2018,24,"SI","KNOWLEDGE",55.9,"black"
2020,2018,25,"SK","KNOWLEDGE",61.2,"white"
2020,2018,26,"FI","KNOWLEDGE",61.6,"white"
2020,2018,27,"SE","KNOWLEDGE",74.2,"white"
2021,2019,0,"EU","KNOWLEDGE",62.7,"white"
2021,2019,1,"BE","KNOWLEDGE",70.8,"white"
2021,2019,2,"BG","KNOWLEDGE",55.2,"black"
2021,2019,3,"CZ","KNOWLEDGE",58.5,"black"
2021,2019,4,"DK","KNOWLEDGE",71,"white"
2021,2019,5,"DE","KNOWLEDGE",54.7,"black"
2021,2019,6,"EE","KNOWLEDGE",57.3,"black"
2021,2019,7,"IE","KNOWLEDGE",67.4,"white"
2021,2019,8,"EL","KNOWLEDGE",54.9,"black"
2021,2019,9,"ES","KNOWLEDGE",67.9,"white"
2021,2019,10,"FR","KNOWLEDGE",67,"white"
2021,2019,11,"HR","KNOWLEDGE",51.8,"black"
2021,2019,12,"IT","KNOWLEDGE",59,"black"
2021,2019,13,"CY","KNOWLEDGE",56,"black"
2021,2019,14,"LV","KNOWLEDGE",50.9,"black"
2021,2019,15,"LT","KNOWLEDGE",56.1,"black"
2021,2019,16,"LU","KNOWLEDGE",70.8,"white"
2021,2019,17,"HU","KNOWLEDGE",57.2,"black"
2021,2019,18,"MT","KNOWLEDGE",65.2,"white"
2021,2019,19,"NL","KNOWLEDGE",67.4,"white"
2021,2019,20,"AT","KNOWLEDGE",64.3,"white"
2021,2019,21,"PL","KNOWLEDGE",57.6,"black"
2021,2019,22,"PT","KNOWLEDGE",56.5,"black"
2021,2019,23,"RO","KNOWLEDGE",52.8,"black"
2021,2019,24,"SI","KNOWLEDGE",56.6,"black"
2021,2019,25,"SK","KNOWLEDGE",61.6,"white"
2021,2019,26,"FI","KNOWLEDGE",61.9,"white"
2021,2019,27,"SE","KNOWLEDGE",75.2,"white"
2022,2020,0,"EU","KNOWLEDGE",62.5,"white"
2022,2020,1,"BE","KNOWLEDGE",70.1,"white"
2022,2020,2,"BG","KNOWLEDGE",56.2,"black"
2022,2020,3,"CZ","KNOWLEDGE",58.9,"black"
2022,2020,4,"DK","KNOWLEDGE",69.3,"white"
2022,2020,5,"DE","KNOWLEDGE",54.7,"black"
2022,2020,6,"EE","KNOWLEDGE",57.4,"black"
2022,2020,7,"IE","KNOWLEDGE",68.1,"white"
2022,2020,8,"EL","KNOWLEDGE",55.8,"black"
2022,2020,9,"ES","KNOWLEDGE",68.3,"white"
2022,2020,10,"FR","KNOWLEDGE",65.5,"white"
2022,2020,11,"HR","KNOWLEDGE",53.4,"black"
2022,2020,12,"IT","KNOWLEDGE",59.5,"black"
2022,2020,13,"CY","KNOWLEDGE",57.8,"black"
2022,2020,14,"LV","KNOWLEDGE",47.7,"black"
2022,2020,15,"LT","KNOWLEDGE",57.6,"black"
2022,2020,16,"LU","KNOWLEDGE",68.9,"white"
2022,2020,17,"HU","KNOWLEDGE",57.1,"black"
2022,2020,18,"MT","KNOWLEDGE",65.2,"white"
2022,2020,19,"NL","KNOWLEDGE",67,"white"
2022,2020,20,"AT","KNOWLEDGE",64,"white"
2022,2020,21,"PL","KNOWLEDGE",57.5,"black"
2022,2020,22,"PT","KNOWLEDGE",56.7,"black"
2022,2020,23,"RO","KNOWLEDGE",52.2,"black"
2022,2020,24,"SI","KNOWLEDGE",56,"black"
2022,2020,25,"SK","KNOWLEDGE",60.9,"black"
2022,2020,26,"FI","KNOWLEDGE",61.5,"white"
2022,2020,27,"SE","KNOWLEDGE",74.6,"white"
2013,2010,0,"EU","TIME",65.2,"white"
2013,2010,1,"BE","TIME",70.3,"white"
2013,2010,2,"BG","TIME",43.9,"black"
2013,2010,3,"CZ","TIME",53.8,"black"
2013,2010,4,"DK","TIME",80.4,"white"
2013,2010,5,"DE","TIME",69.8,"white"
2013,2010,6,"EE","TIME",73.7,"white"
2013,2010,7,"IE","TIME",70.8,"white"
2013,2010,8,"EL","TIME",35.6,"black"
2013,2010,9,"ES","TIME",60.8,"black"
2013,2010,10,"FR","TIME",66.6,"white"
2013,2010,11,"HR","TIME",49.8,"black"
2013,2010,12,"IT","TIME",55.1,"black"
2013,2010,13,"CY","TIME",45.9,"black"
2013,2010,14,"LV","TIME",62,"black"
2013,2010,15,"LT","TIME",52.2,"black"
2013,2010,16,"LU","TIME",70.2,"white"
2013,2010,17,"HU","TIME",54.1,"black"
2013,2010,18,"MT","TIME",54.3,"black"
2013,2010,19,"NL","TIME",85.9,"white"
2013,2010,20,"AT","TIME",56,"black"
2013,2010,21,"PL","TIME",54.2,"black"
2013,2010,22,"PT","TIME",38.7,"black"
2013,2010,23,"RO","TIME",50.6,"black"
2013,2010,24,"SI","TIME",68.3,"white"
2013,2010,25,"SK","TIME",39.9,"black"
2013,2010,26,"FI","TIME",80.1,"white"
2013,2010,27,"SE","TIME",84.5,"white"
2015,2012,0,"EU","TIME",68.1,"white"
2015,2012,1,"BE","TIME",71.8,"white"
2015,2012,2,"BG","TIME",47.4,"black"
2015,2012,3,"CZ","TIME",55.5,"black"
2015,2012,4,"DK","TIME",85.4,"white"
2015,2012,5,"DE","TIME",67.8,"white"
2015,2012,6,"EE","TIME",70.1,"white"
2015,2012,7,"IE","TIME",76.5,"white"
2015,2012,8,"EL","TIME",45.2,"black"
2015,2012,9,"ES","TIME",65.8,"white"
2015,2012,10,"FR","TIME",70.3,"white"
2015,2012,11,"HR","TIME",54.7,"black"
2015,2012,12,"IT","TIME",61.4,"black"
2015,2012,13,"CY","TIME",45.9,"black"
2015,2012,14,"LV","TIME",60.8,"black"
2015,2012,15,"LT","TIME",55.7,"black"
2015,2012,16,"LU","TIME",71.5,"white"
2015,2012,17,"HU","TIME",55.2,"black"
2015,2012,18,"MT","TIME",58.7,"black"
2015,2012,19,"NL","TIME",86.7,"white"
2015,2012,20,"AT","TIME",65.3,"white"
2015,2012,21,"PL","TIME",55.3,"black"
2015,2012,22,"PT","TIME",46,"black"
2015,2012,23,"RO","TIME",53.2,"black"
2015,2012,24,"SI","TIME",72.4,"white"
2015,2012,25,"SK","TIME",43.4,"black"
2015,2012,26,"FI","TIME",81,"white"
2015,2012,27,"SE","TIME",83.5,"white"
2017,2015,0,"EU","TIME",64.9,"white"
2017,2015,1,"BE","TIME",65.3,"white"
2017,2015,2,"BG","TIME",42.7,"black"
2017,2015,3,"CZ","TIME",57.3,"black"
2017,2015,4,"DK","TIME",83.1,"white"
2017,2015,5,"DE","TIME",65,"white"
2017,2015,6,"EE","TIME",74.7,"white"
2017,2015,7,"IE","TIME",74.2,"white"
2017,2015,8,"EL","TIME",44.7,"black"
2017,2015,9,"ES","TIME",64,"white"
2017,2015,10,"FR","TIME",67.3,"white"
2017,2015,11,"HR","TIME",51,"black"
2017,2015,12,"IT","TIME",59.3,"black"
2017,2015,13,"CY","TIME",51.3,"black"
2017,2015,14,"LV","TIME",65.8,"white"
2017,2015,15,"LT","TIME",50.6,"black"
2017,2015,16,"LU","TIME",69.1,"white"
2017,2015,17,"HU","TIME",54.3,"black"
2017,2015,18,"MT","TIME",64.2,"white"
2017,2015,19,"NL","TIME",83.9,"white"
2017,2015,20,"AT","TIME",61.2,"black"
2017,2015,21,"PL","TIME",52.5,"black"
2017,2015,22,"PT","TIME",47.5,"black"
2017,2015,23,"RO","TIME",50.3,"black"
2017,2015,24,"SI","TIME",72.9,"white"
2017,2015,25,"SK","TIME",46.3,"black"
2017,2015,26,"FI","TIME",77.4,"white"
2017,2015,27,"SE","TIME",90.1,"white"
2019,2017,0,"EU","TIME",64.9,"white"
2019,2017,1,"BE","TIME",65.3,"white"
2019,2017,2,"BG","TIME",42.7,"black"
2019,2017,3,"CZ","TIME",57.3,"black"
2019,2017,4,"DK","TIME",83.1,"white"
2019,2017,5,"DE","TIME",65,"white"
2019,2017,6,"EE","TIME",74.7,"white"
2019,2017,7,"IE","TIME",74.2,"white"
2019,2017,8,"EL","TIME",44.7,"black"
2019,2017,9,"ES","TIME",64,"white"
2019,2017,10,"FR","TIME",67.3,"white"
2019,2017,11,"HR","TIME",51,"black"
2019,2017,12,"IT","TIME",59.3,"black"
2019,2017,13,"CY","TIME",51.3,"black"
2019,2017,14,"LV","TIME",65.8,"white"
2019,2017,15,"LT","TIME",50.6,"black"
2019,2017,16,"LU","TIME",69.1,"white"
2019,2017,17,"HU","TIME",54.3,"black"
2019,2017,18,"MT","TIME",64.2,"white"
2019,2017,19,"NL","TIME",83.9,"white"
2019,2017,20,"AT","TIME",61.2,"black"
2019,2017,21,"PL","TIME",52.5,"black"
2019,2017,22,"PT","TIME",47.5,"black"
2019,2017,23,"RO","TIME",50.3,"black"
2019,2017,24,"SI","TIME",72.9,"white"
2019,2017,25,"SK","TIME",46.3,"black"
2019,2017,26,"FI","TIME",77.4,"white"
2019,2017,27,"SE","TIME",90.1,"white"
2020,2018,0,"EU","TIME",64.9,"white"
2020,2018,1,"BE","TIME",65.3,"white"
2020,2018,2,"BG","TIME",42.7,"black"
2020,2018,3,"CZ","TIME",57.3,"black"
2020,2018,4,"DK","TIME",83.1,"white"
2020,2018,5,"DE","TIME",65,"white"
2020,2018,6,"EE","TIME",74.7,"white"
2020,2018,7,"IE","TIME",74.2,"white"
2020,2018,8,"EL","TIME",44.7,"black"
2020,2018,9,"ES","TIME",64,"white"
2020,2018,10,"FR","TIME",67.3,"white"
2020,2018,11,"HR","TIME",51,"black"
2020,2018,12,"IT","TIME",59.3,"black"
2020,2018,13,"CY","TIME",51.3,"black"
2020,2018,14,"LV","TIME",65.8,"white"
2020,2018,15,"LT","TIME",50.6,"black"
2020,2018,16,"LU","TIME",69.1,"white"
2020,2018,17,"HU","TIME",54.3,"black"
2020,2018,18,"MT","TIME",64.2,"white"
2020,2018,19,"NL","TIME",83.9,"white"
2020,2018,20,"AT","TIME",61.2,"black"
2020,2018,21,"PL","TIME",52.5,"black"
2020,2018,22,"PT","TIME",47.5,"black"
2020,2018,23,"RO","TIME",50.3,"black"
2020,2018,24,"SI","TIME",72.9,"white"
2020,2018,25,"SK","TIME",46.3,"black"
2020,2018,26,"FI","TIME",77.4,"white"
2020,2018,27,"SE","TIME",90.1,"white"
2021,2019,0,"EU","TIME",64.9,"white"
2021,2019,1,"BE","TIME",65.3,"white"
2021,2019,2,"BG","TIME",42.7,"black"
2021,2019,3,"CZ","TIME",57.3,"black"
2021,2019,4,"DK","TIME",83.1,"white"
2021,2019,5,"DE","TIME",65,"white"
2021,2019,6,"EE","TIME",74.7,"white"
2021,2019,7,"IE","TIME",74.2,"white"
2021,2019,8,"EL","TIME",44.7,"black"
2021,2019,9,"ES","TIME",64,"white"
2021,2019,10,"FR","TIME",67.3,"white"
2021,2019,11,"HR","TIME",51,"black"
2021,2019,12,"IT","TIME",59.3,"black"
2021,2019,13,"CY","TIME",51.3,"black"
2021,2019,14,"LV","TIME",65.8,"white"
2021,2019,15,"LT","TIME",50.6,"black"
2021,2019,16,"LU","TIME",69.1,"white"
2021,2019,17,"HU","TIME",54.3,"black"
2021,2019,18,"MT","TIME",64.2,"white"
2021,2019,19,"NL","TIME",83.9,"white"
2021,2019,20,"AT","TIME",61.2,"black"
2021,2019,21,"PL","TIME",52.5,"black"
2021,2019,22,"PT","TIME",47.5,"black"
2021,2019,23,"RO","TIME",50.3,"black"
2021,2019,24,"SI","TIME",72.9,"white"
2021,2019,25,"SK","TIME",46.3,"black"
2021,2019,26,"FI","TIME",77.4,"white"
2021,2019,27,"SE","TIME",90.1,"white"
2022,2020,0,"EU","TIME",64.9,"white"
2022,2020,1,"BE","TIME",65.3,"white"
2022,2020,2,"BG","TIME",42.7,"black"
2022,2020,3,"CZ","TIME",57.3,"black"
2022,2020,4,"DK","TIME",83.1,"white"
2022,2020,5,"DE","TIME",65,"white"
2022,2020,6,"EE","TIME",74.7,"white"
2022,2020,7,"IE","TIME",74.2,"white"
2022,2020,8,"EL","TIME",44.7,"black"
2022,2020,9,"ES","TIME",64,"white"
2022,2020,10,"FR","TIME",67.3,"white"
2022,2020,11,"HR","TIME",51,"black"
2022,2020,12,"IT","TIME",59.3,"black"
2022,2020,13,"CY","TIME",51.3,"black"
2022,2020,14,"LV","TIME",65.8,"white"
2022,2020,15,"LT","TIME",50.6,"black"
2022,2020,16,"LU","TIME",69.1,"white"
2022,2020,17,"HU","TIME",54.3,"black"
2022,2020,18,"MT","TIME",64.2,"white"
2022,2020,19,"NL","TIME",83.9,"white"
2022,2020,20,"AT","TIME",61.2,"black"
2022,2020,21,"PL","TIME",52.5,"black"
2022,2020,22,"PT","TIME",47.5,"black"
2022,2020,23,"RO","TIME",50.3,"black"
2022,2020,24,"SI","TIME",72.9,"white"
2022,2020,25,"SK","TIME",46.3,"black"
2022,2020,26,"FI","TIME",77.4,"white"
2022,2020,27,"SE","TIME",90.1,"white"
2013,2010,0,"EU","POWER",41.9,"black"
2013,2010,1,"BE","POWER",47.9,"black"
2013,2010,2,"BG","POWER",45.8,"black"
2013,2010,3,"CZ","POWER",31,"black"
2013,2010,4,"DK","POWER",58,"white"
2013,2010,5,"DE","POWER",38.3,"black"
2013,2010,6,"EE","POWER",21.9,"black"
2013,2010,7,"IE","POWER",37.2,"black"
2013,2010,8,"EL","POWER",22.3,"black"
2013,2010,9,"ES","POWER",52.6,"white"
2013,2010,10,"FR","POWER",52.4,"white"
2013,2010,11,"HR","POWER",28.4,"black"
2013,2010,12,"IT","POWER",25.2,"black"
2013,2010,13,"CY","POWER",15.4,"black"
2013,2010,14,"LV","POWER",34.8,"black"
2013,2010,15,"LT","POWER",32.9,"black"
2013,2010,16,"LU","POWER",25.6,"black"
2013,2010,17,"HU","POWER",23.5,"black"
2013,2010,18,"MT","POWER",20.9,"black"
2013,2010,19,"NL","POWER",56.9,"white"
2013,2010,20,"AT","POWER",28.4,"black"
2013,2010,21,"PL","POWER",30.6,"black"
2013,2010,22,"PT","POWER",34.9,"black"
2013,2010,23,"RO","POWER",30.8,"black"
2013,2010,24,"SI","POWER",41.1,"black"
2013,2010,25,"SK","POWER",29.5,"black"
2013,2010,26,"FI","POWER",69.1,"white"
2013,2010,27,"SE","POWER",77.8,"white"
2015,2012,0,"EU","POWER",43.6,"black"
2015,2012,1,"BE","POWER",50.5,"white"
2015,2012,2,"BG","POWER",49.4,"black"
2015,2012,3,"CZ","POWER",32,"black"
2015,2012,4,"DK","POWER",57.5,"white"
2015,2012,5,"DE","POWER",46,"black"
2015,2012,6,"EE","POWER",22,"black"
2015,2012,7,"IE","POWER",40.7,"black"
2015,2012,8,"EL","POWER",22.3,"black"
2015,2012,9,"ES","POWER",52.9,"white"
2015,2012,10,"FR","POWER",55.1,"white"
2015,2012,11,"HR","POWER",27.3,"black"
2015,2012,12,"IT","POWER",29.4,"black"
2015,2012,13,"CY","POWER",17.4,"black"
2015,2012,14,"LV","POWER",37.9,"black"
2015,2012,15,"LT","POWER",27.7,"black"
2015,2012,16,"LU","POWER",34.9,"black"
2015,2012,17,"HU","POWER",21.9,"black"
2015,2012,18,"MT","POWER",25,"black"
2015,2012,19,"NL","POWER",56.6,"white"
2015,2012,20,"AT","POWER",30.8,"black"
2015,2012,21,"PL","POWER",34.8,"black"
2015,2012,22,"PT","POWER",29.7,"black"
2015,2012,23,"RO","POWER",28.8,"black"
2015,2012,24,"SI","POWER",51.5,"white"
2015,2012,25,"SK","POWER",25.4,"black"
2015,2012,26,"FI","POWER",73.2,"white"
2015,2012,27,"SE","POWER",75.2,"white"
2017,2015,0,"EU","POWER",48.4,"black"
2017,2015,1,"BE","POWER",53.4,"white"
2017,2015,2,"BG","POWER",56,"white"
2017,2015,3,"CZ","POWER",22.6,"black"
2017,2015,4,"DK","POWER",61.5,"white"
2017,2015,5,"DE","POWER",53,"white"
2017,2015,6,"EE","POWER",28.2,"black"
2017,2015,7,"IE","POWER",48.6,"black"
2017,2015,8,"EL","POWER",21.7,"black"
2017,2015,9,"ES","POWER",57,"white"
2017,2015,10,"FR","POWER",68.2,"white"
2017,2015,11,"HR","POWER",28.5,"black"
2017,2015,12,"IT","POWER",45.3,"black"
2017,2015,13,"CY","POWER",24.7,"black"
2017,2015,14,"LV","POWER",39,"black"
2017,2015,15,"LT","POWER",36.6,"black"
2017,2015,16,"LU","POWER",43.5,"black"
2017,2015,17,"HU","POWER",18.7,"black"
2017,2015,18,"MT","POWER",27.4,"black"
2017,2015,19,"NL","POWER",52.9,"white"
2017,2015,20,"AT","POWER",34.9,"black"
2017,2015,21,"PL","POWER",35.1,"black"
2017,2015,22,"PT","POWER",33.9,"black"
2017,2015,23,"RO","POWER",33.2,"black"
2017,2015,24,"SI","POWER",60.6,"white"
2017,2015,25,"SK","POWER",23.1,"black"
2017,2015,26,"FI","POWER",65.3,"white"
2017,2015,27,"SE","POWER",79.5,"white"
2019,2017,0,"EU","POWER",51.6,"white"
2019,2017,1,"BE","POWER",55.2,"white"
2019,2017,2,"BG","POWER",59.9,"white"
2019,2017,3,"CZ","POWER",26.1,"black"
2019,2017,4,"DK","POWER",64.9,"white"
2019,2017,5,"DE","POWER",56.6,"white"
2019,2017,6,"EE","POWER",34.6,"black"
2019,2017,7,"IE","POWER",53.4,"white"
2019,2017,8,"EL","POWER",24.3,"black"
2019,2017,9,"ES","POWER",62,"white"
2019,2017,10,"FR","POWER",78.3,"white"
2019,2017,11,"HR","POWER",34.8,"black"
2019,2017,12,"IT","POWER",47.6,"black"
2019,2017,13,"CY","POWER",28.2,"black"
2019,2017,14,"LV","POWER",44.1,"black"
2019,2017,15,"LT","POWER",32.5,"black"
2019,2017,16,"LU","POWER",44.8,"black"
2019,2017,17,"HU","POWER",20.6,"black"
2019,2017,18,"MT","POWER",32.2,"black"
2019,2017,19,"NL","POWER",50,"white"
2019,2017,20,"AT","POWER",39.9,"black"
2019,2017,21,"PL","POWER",29.1,"black"
2019,2017,22,"PT","POWER",46.7,"black"
2019,2017,23,"RO","POWER",38.8,"black"
2019,2017,24,"SI","POWER",57.6,"white"
2019,2017,25,"SK","POWER",26.8,"black"
2019,2017,26,"FI","POWER",66.7,"white"
2019,2017,27,"SE","POWER",83.4,"white"
2020,2018,0,"EU","POWER",53.1,"white"
2020,2018,1,"BE","POWER",55.7,"white"
2020,2018,2,"BG","POWER",61.5,"white"
2020,2018,3,"CZ","POWER",27.7,"black"
2020,2018,4,"DK","POWER",66.2,"white"
2020,2018,5,"DE","POWER",59.5,"white"
2020,2018,6,"EE","POWER",36.1,"black"
2020,2018,7,"IE","POWER",55.8,"white"
2020,2018,8,"EL","POWER",27,"black"
2020,2018,9,"ES","POWER",69.4,"white"
2020,2018,10,"FR","POWER",79.8,"white"
2020,2018,11,"HR","POWER",41.4,"black"
2020,2018,12,"IT","POWER",48.8,"black"
2020,2018,13,"CY","POWER",29.8,"black"
2020,2018,14,"LV","POWER",49.4,"black"
2020,2018,15,"LT","POWER",34.1,"black"
2020,2018,16,"LU","POWER",48.4,"black"
2020,2018,17,"HU","POWER",22.2,"black"
2020,2018,18,"MT","POWER",32.8,"black"
2020,2018,19,"NL","POWER",57.2,"white"
2020,2018,20,"AT","POWER",44.2,"black"
2020,2018,21,"PL","POWER",30,"black"
2020,2018,22,"PT","POWER",51.1,"white"
2020,2018,23,"RO","POWER",37.5,"black"
2020,2018,24,"SI","POWER",55,"white"
2020,2018,25,"SK","POWER",29.6,"black"
2020,2018,26,"FI","POWER",71.9,"white"
2020,2018,27,"SE","POWER",84.2,"white"
2021,2019,0,"EU","POWER",55,"white"
2021,2019,1,"BE","POWER",61,"white"
2021,2019,2,"BG","POWER",60.2,"white"
2021,2019,3,"CZ","POWER",28.1,"black"
2021,2019,4,"DK","POWER",66.8,"white"
2021,2019,5,"DE","POWER",62.8,"white"
2021,2019,6,"EE","POWER",36.6,"black"
2021,2019,7,"IE","POWER",58.4,"white"
2021,2019,8,"EL","POWER",27,"black"
2021,2019,9,"ES","POWER",76.9,"white"
2021,2019,10,"FR","POWER",81.4,"white"
2021,2019,11,"HR","POWER",45.3,"black"
2021,2019,12,"IT","POWER",52.2,"white"
2021,2019,13,"CY","POWER",30,"black"
2021,2019,14,"LV","POWER",50.4,"white"
2021,2019,15,"LT","POWER",39.3,"black"
2021,2019,16,"LU","POWER",53.4,"white"
2021,2019,17,"HU","POWER",22.9,"black"
2021,2019,18,"MT","POWER",37.5,"black"
2021,2019,19,"NL","POWER",64,"white"
2021,2019,20,"AT","POWER",48.2,"black"
2021,2019,21,"PL","POWER",31.5,"black"
2021,2019,22,"PT","POWER",53.6,"white"
2021,2019,23,"RO","POWER",34.7,"black"
2021,2019,24,"SI","POWER",53,"white"
2021,2019,25,"SK","POWER",30.7,"black"
2021,2019,26,"FI","POWER",74.3,"white"
2021,2019,27,"SE","POWER",84.5,"white"
2022,2020,0,"EU","POWER",57.2,"white"
2022,2020,1,"BE","POWER",67,"white"
2022,2020,2,"BG","POWER",63,"white"
2022,2020,3,"CZ","POWER",29.7,"black"
2022,2020,4,"DK","POWER",69.3,"white"
2022,2020,5,"DE","POWER",64.8,"white"
2022,2020,6,"EE","POWER",34,"black"
2022,2020,7,"IE","POWER",61.7,"white"
2022,2020,8,"EL","POWER",28.8,"black"
2022,2020,9,"ES","POWER",80.6,"white"
2022,2020,10,"FR","POWER",81.7,"white"
2022,2020,11,"HR","POWER",49.7,"black"
2022,2020,12,"IT","POWER",56.9,"white"
2022,2020,13,"CY","POWER",30.1,"black"
2022,2020,14,"LV","POWER",50.9,"white"
2022,2020,15,"LT","POWER",45.4,"black"
2022,2020,16,"LU","POWER",59.7,"white"
2022,2020,17,"HU","POWER",24.8,"black"
2022,2020,18,"MT","POWER",40.4,"black"
2022,2020,19,"NL","POWER",68.9,"white"
2022,2020,20,"AT","POWER",51.7,"white"
2022,2020,21,"PL","POWER",34.4,"black"
2022,2020,22,"PT","POWER",55.5,"white"
2022,2020,23,"RO","POWER",32.6,"black"
2022,2020,24,"SI","POWER",53.3,"white"
2022,2020,25,"SK","POWER",31.4,"black"
2022,2020,26,"FI","POWER",74.3,"white"
2022,2020,27,"SE","POWER",84.6,"white"
2013,2010,0,"EU","HEALTH",86.7,"white"
2013,2010,1,"BE","HEALTH",86.5,"white"
2013,2010,2,"BG","HEALTH",75.3,"black"
2013,2010,3,"CZ","HEALTH",85.7,"white"
2013,2010,4,"DK","HEALTH",90.3,"white"
2013,2010,5,"DE","HEALTH",89.3,"white"
2013,2010,6,"EE","HEALTH",82.7,"white"
2013,2010,7,"IE","HEALTH",90.7,"white"
2013,2010,8,"EL","HEALTH",84.3,"white"
2013,2010,9,"ES","HEALTH",88.6,"white"
2013,2010,10,"FR","HEALTH",86.7,"white"
2013,2010,11,"HR","HEALTH",81.5,"black"
2013,2010,12,"IT","HEALTH",86.3,"white"
2013,2010,13,"CY","HEALTH",86.4,"white"
2013,2010,14,"LV","HEALTH",77.3,"black"
2013,2010,15,"LT","HEALTH",80.4,"black"
2013,2010,16,"LU","HEALTH",89.8,"white"
2013,2010,17,"HU","HEALTH",85.4,"white"
2013,2010,18,"MT","HEALTH",90.6,"white"
2013,2010,19,"NL","HEALTH",90.3,"white"
2013,2010,20,"AT","HEALTH",91.1,"white"
2013,2010,21,"PL","HEALTH",81.6,"black"
2013,2010,22,"PT","HEALTH",84.3,"white"
2013,2010,23,"RO","HEALTH",69.9,"black"
2013,2010,24,"SI","HEALTH",86.8,"white"
2013,2010,25,"SK","HEALTH",84.8,"white"
2013,2010,26,"FI","HEALTH",89.5,"white"
2013,2010,27,"SE","HEALTH",93.2,"white"
2015,2012,0,"EU","HEALTH",86.7,"white"
2015,2012,1,"BE","HEALTH",86.4,"white"
2015,2012,2,"BG","HEALTH",75.8,"black"
2015,2012,3,"CZ","HEALTH",85.7,"white"
2015,2012,4,"DK","HEALTH",90.2,"white"
2015,2012,5,"DE","HEALTH",89.4,"white"
2015,2012,6,"EE","HEALTH",82.1,"black"
2015,2012,7,"IE","HEALTH",90.4,"white"
2015,2012,8,"EL","HEALTH",83.9,"white"
2015,2012,9,"ES","HEALTH",89.1,"white"
2015,2012,10,"FR","HEALTH",86.8,"white"
2015,2012,11,"HR","HEALTH",82.8,"white"
2015,2012,12,"IT","HEALTH",86.5,"white"
2015,2012,13,"CY","HEALTH",87.1,"white"
2015,2012,14,"LV","HEALTH",77.9,"black"
2015,2012,15,"LT","HEALTH",79.6,"black"
2015,2012,16,"LU","HEALTH",90,"white"
2015,2012,17,"HU","HEALTH",85.9,"white"
2015,2012,18,"MT","HEALTH",91.6,"white"
2015,2012,19,"NL","HEALTH",89.7,"white"
2015,2012,20,"AT","HEALTH",91.5,"white"
2015,2012,21,"PL","HEALTH",81.7,"black"
2015,2012,22,"PT","HEALTH",84.4,"white"
2015,2012,23,"RO","HEALTH",70.2,"black"
2015,2012,24,"SI","HEALTH",87.3,"white"
2015,2012,25,"SK","HEALTH",85,"white"
2015,2012,26,"FI","HEALTH",89.3,"white"
2015,2012,27,"SE","HEALTH",93,"white"
2017,2015,0,"EU","HEALTH",87.1,"white"
2017,2015,1,"BE","HEALTH",86.3,"white"
2017,2015,2,"BG","HEALTH",76.4,"black"
2017,2015,3,"CZ","HEALTH",86,"white"
2017,2015,4,"DK","HEALTH",89.6,"white"
2017,2015,5,"DE","HEALTH",90.5,"white"
2017,2015,6,"EE","HEALTH",81.5,"black"
2017,2015,7,"IE","HEALTH",90.6,"white"
2017,2015,8,"EL","HEALTH",83.1,"white"
2017,2015,9,"ES","HEALTH",89.6,"white"
2017,2015,10,"FR","HEALTH",87.1,"white"
2017,2015,11,"HR","HEALTH",83.3,"white"
2017,2015,12,"IT","HEALTH",86.3,"white"
2017,2015,13,"CY","HEALTH",88.2,"white"
2017,2015,14,"LV","HEALTH",78.4,"black"
2017,2015,15,"LT","HEALTH",79.1,"black"
2017,2015,16,"LU","HEALTH",89,"white"
2017,2015,17,"HU","HEALTH",86,"white"
2017,2015,18,"MT","HEALTH",91.8,"white"
2017,2015,19,"NL","HEALTH",89.9,"white"
2017,2015,20,"AT","HEALTH",91.7,"white"
2017,2015,21,"PL","HEALTH",82.2,"black"
2017,2015,22,"PT","HEALTH",83.6,"white"
2017,2015,23,"RO","HEALTH",70.4,"black"
2017,2015,24,"SI","HEALTH",87.7,"white"
2017,2015,25,"SK","HEALTH",85.3,"white"
2017,2015,26,"FI","HEALTH",89.7,"white"
2017,2015,27,"SE","HEALTH",94.1,"white"
2019,2017,0,"EU","HEALTH",87.8,"white"
2019,2017,1,"BE","HEALTH",86.3,"white"
2019,2017,2,"BG","HEALTH",77.1,"black"
2019,2017,3,"CZ","HEALTH",86.3,"white"
2019,2017,4,"DK","HEALTH",89.9,"white"
2019,2017,5,"DE","HEALTH",90.5,"white"
2019,2017,6,"EE","HEALTH",81.9,"black"
2019,2017,7,"IE","HEALTH",90.9,"white"
2019,2017,8,"EL","HEALTH",83.5,"white"
2019,2017,9,"ES","HEALTH",90.1,"white"
2019,2017,10,"FR","HEALTH",87.4,"white"
2019,2017,11,"HR","HEALTH",83.7,"white"
2019,2017,12,"IT","HEALTH",88.7,"white"
2019,2017,13,"CY","HEALTH",88.4,"white"
2019,2017,14,"LV","HEALTH",78.3,"black"
2019,2017,15,"LT","HEALTH",79.8,"black"
2019,2017,16,"LU","HEALTH",89.6,"white"
2019,2017,17,"HU","HEALTH",86.6,"white"
2019,2017,18,"MT","HEALTH",92.1,"white"
2019,2017,19,"NL","HEALTH",90,"white"
2019,2017,20,"AT","HEALTH",91.7,"white"
2019,2017,21,"PL","HEALTH",83.2,"white"
2019,2017,22,"PT","HEALTH",84.5,"white"
2019,2017,23,"RO","HEALTH",71.1,"black"
2019,2017,24,"SI","HEALTH",87.1,"white"
2019,2017,25,"SK","HEALTH",85.8,"white"
2019,2017,26,"FI","HEALTH",89.7,"white"
2019,2017,27,"SE","HEALTH",94.7,"white"
2020,2018,0,"EU","HEALTH",87.8,"white"
2020,2018,1,"BE","HEALTH",86.5,"white"
2020,2018,2,"BG","HEALTH",77.2,"black"
2020,2018,3,"CZ","HEALTH",86.3,"white"
2020,2018,4,"DK","HEALTH",89.7,"white"
2020,2018,5,"DE","HEALTH",90.6,"white"
2020,2018,6,"EE","HEALTH",81.6,"black"
2020,2018,7,"IE","HEALTH",91.3,"white"
2020,2018,8,"EL","HEALTH",84,"white"
2020,2018,9,"ES","HEALTH",90.1,"white"
2020,2018,10,"FR","HEALTH",87.4,"white"
2020,2018,11,"HR","HEALTH",83.7,"white"
2020,2018,12,"IT","HEALTH",88.4,"white"
2020,2018,13,"CY","HEALTH",88,"white"
2020,2018,14,"LV","HEALTH",78.4,"black"
2020,2018,15,"LT","HEALTH",80,"black"
2020,2018,16,"LU","HEALTH",89.5,"white"
2020,2018,17,"HU","HEALTH",87,"white"
2020,2018,18,"MT","HEALTH",92,"white"
2020,2018,19,"NL","HEALTH",90,"white"
2020,2018,20,"AT","HEALTH",91.9,"white"
2020,2018,21,"PL","HEALTH",83.1,"white"
2020,2018,22,"PT","HEALTH",84.6,"white"
2020,2018,23,"RO","HEALTH",71.2,"black"
2020,2018,24,"SI","HEALTH",86.9,"white"
2020,2018,25,"SK","HEALTH",85.5,"white"
2020,2018,26,"FI","HEALTH",89.3,"white"
2020,2018,27,"SE","HEALTH",94.5,"white"
2021,2019,0,"EU","HEALTH",87.8,"white"
2021,2019,1,"BE","HEALTH",86.3,"white"
2021,2019,2,"BG","HEALTH",77.2,"black"
2021,2019,3,"CZ","HEALTH",86.3,"white"
2021,2019,4,"DK","HEALTH",89.5,"white"
2021,2019,5,"DE","HEALTH",90.7,"white"
2021,2019,6,"EE","HEALTH",82.2,"black"
2021,2019,7,"IE","HEALTH",91.3,"white"
2021,2019,8,"EL","HEALTH",84.3,"white"
2021,2019,9,"ES","HEALTH",90.3,"white"
2021,2019,10,"FR","HEALTH",87.4,"white"
2021,2019,11,"HR","HEALTH",83.8,"white"
2021,2019,12,"IT","HEALTH",88.4,"white"
2021,2019,13,"CY","HEALTH",87.9,"white"
2021,2019,14,"LV","HEALTH",79.3,"black"
2021,2019,15,"LT","HEALTH",80.3,"black"
2021,2019,16,"LU","HEALTH",89.9,"white"
2021,2019,17,"HU","HEALTH",86.7,"white"
2021,2019,18,"MT","HEALTH",92.3,"white"
2021,2019,19,"NL","HEALTH",90.2,"white"
2021,2019,20,"AT","HEALTH",91.9,"white"
2021,2019,21,"PL","HEALTH",83.3,"white"
2021,2019,22,"PT","HEALTH",84.8,"white"
2021,2019,23,"RO","HEALTH",71.3,"black"
2021,2019,24,"SI","HEALTH",87.8,"white"
2021,2019,25,"SK","HEALTH",85.5,"white"
2021,2019,26,"FI","HEALTH",89.5,"white"
2021,2019,27,"SE","HEALTH",94.6,"white"
2022,2020,0,"EU","HEALTH",88.7,"white"
2022,2020,1,"BE","HEALTH",88.5,"white"
2022,2020,2,"BG","HEALTH",78,"black"
2022,2020,3,"CZ","HEALTH",84.8,"white"
2022,2020,4,"DK","HEALTH",89.5,"white"
2022,2020,5,"DE","HEALTH",90,"white"
2022,2020,6,"EE","HEALTH",85,"white"
2022,2020,7,"IE","HEALTH",95,"white"
2022,2020,8,"EL","HEALTH",85.8,"white"
2022,2020,9,"ES","HEALTH",91.7,"white"
2022,2020,10,"FR","HEALTH",88.6,"white"
2022,2020,11,"HR","HEALTH",85.1,"white"
2022,2020,12,"IT","HEALTH",89,"white"
2022,2020,13,"CY","HEALTH",87,"white"
2022,2020,14,"LV","HEALTH",79.3,"black"
2022,2020,15,"LT","HEALTH",82.7,"white"
2022,2020,16,"LU","HEALTH",90.4,"white"
2022,2020,17,"HU","HEALTH",87.3,"white"
2022,2020,18,"MT","HEALTH",87.8,"white"
2022,2020,19,"NL","HEALTH",94.2,"white"
2022,2020,20,"AT","HEALTH",91.3,"white"
2022,2020,21,"PL","HEALTH",83.6,"white"
2022,2020,22,"PT","HEALTH",84.5,"white"
2022,2020,23,"RO","HEALTH",70.4,"black"
2022,2020,24,"SI","HEALTH",86.9,"white"
2022,2020,25,"SK","HEALTH",85.2,"white"
2022,2020,26,"FI","HEALTH",92.6,"white"
2022,2020,27,"SE","HEALTH",95.2,"white"
